Testing_Data,Traning_Data,k,P,Weights,Mean Square Error,R sqaure score,Algo-- KNN
11,89,4,2,distance,7.26,0.89,
12,88,7,2,uniform,12.72,0.79,
10,90,9,1,uniform,12.07,0.81,
10,90,4,2,uniform,7.56,0.88,
10,90,10,1,distance,8.71,0.86,
10,90,11,2,distance,9.73,0.85,
10,90,10,2,uniform,13.68,0.78,
10,90,9,2,distance,9.18,0.86,
10,90,10,2,distance,9.54,0.85,
10,80,10,2,distance,10.74,0.81,
10,90,9,2,distance,12.94,0.8,
10,90,5,1,distance,6.79,0.89,
10,90,4,1,distance,6.23,0.9,
10,90,3,1,distance,6.81,0.89,
10,90,3,2,uniform,8.07,0.87,
10,90,2,1,uniform,17.17,0.73,
,,,,,,,
,,,,,,,
,Conclusion:,,,,,,
,"traning_Data=10, Testing_Data = 90, k=4, p=1, weights = distance, Meansqaure",,,,"Mean square error = 6.23, R sqaure score = 0.9",,